{"IcoMoonType":"selection","icons":[{"icon":{"paths":["M341.333 234.666v597.333l469.333-298.667z"],"isMulticolor":false,"isMulticolor2":false,"tags":["play-arrow"],"defaultCode":58883,"grid":0,"attrs":[]},"attrs":[],"properties":{"id":5,"order":378,"ligatures":"","prevSize":32,"code":58883,"name":"play-arrow"},"setIdx":2,"setId":6,"iconIdx":4}],"height":1024,"metadata":{"name":"icomoon"},"preferences":{"showGlyphs":true,"showQuickUse":true,"showQuickUse2":true,"showSVGs":true,"fontPref":{"prefix":"icon-","metadata":{"fontFamily":"icomoon"},"metrics":{"emSize":1024,"baseline":6.25,"whitespace":50},"embed":false,"resetPoint":59648,"autoHost":true},"imagePref":{"prefix":"icon-","png":true,"useClassSelector":true,"color":0,"bgColor":16777215,"classSelector":".icon","name":"icomoon"},"historySize":50,"showCodes":true,"gridSize":16,"quickUsageToken":{"UntitledProject":"ZGQxNTVkMjUzMGE4MTdhZjQ1ODUzNDAyZjhmODQ3MDUjMSMxNjczNzM2ODU0IyMjOGRkNTA4MTdjYmRi"}}}